Frame,Time,Elbow Angle,Shoulder Angle,Hip Angle,Knee Angle,Wrist Velocity,Elbow Velocity,Shoulder Velocity,Hip Velocity
0,1741825482.3982065,97.1260393420461,29.65076100880429,176.41255424451313,175.67225825740277,2.32535944816998,0.5305488767266929,0.06003291950765029,0.7658955993178567
1,1741825482.5321782,95.72990303007533,30.306878996409935,176.2572240807708,175.55378192315612,0.1754473607712921,0.14906635548532468,0.05032836374958844,0.061305121159769174
2,1741825482.6140237,82.63558303504523,32.08972005618857,176.43151176265005,175.12686033532842,0.6822443840782054,0.3562992723200696,0.08135955788931021,0.0493273342494664
3,1741825482.6920042,89.00924361448143,30.226299162046196,176.55437984673375,175.07038778837423,0.24940825145407164,0.06281992461306682,0.10743580914260836,0.08967229968907388
4,1741825482.7651422,87.84987879505077,29.26440821463082,176.56023549762318,175.07888626945362,0.11519265208680778,0.03767659428530039,0.06200275237889641,0.03183494248110287
5,1741825482.8556085,79.89110279983286,29.407582285308564,176.63444678146655,175.04011491131016,0.2926228188707287,0.0981583071807342,0.017453332558079043,0.07317033655972163
6,1741825482.9417756,83.70215921949674,29.639270516497536,176.61510524349578,175.0045147659329,0.0915386066674382,0.019642171921133877,0.006845197063654715,0.046072420712632865
7,1741825483.0180233,76.01204156957449,29.466701091531256,176.57797532957713,174.98522849389548,0.32611914090441285,0.04857631157130916,0.001499827540882147,0.1477955802377088
8,1741825483.0885313,74.15941141692126,30.04654393861254,176.69225839069549,174.8091128111957,0.22878051026495233,0.18455559105707026,0.011117053434376002,0.021333202654674248
9,1741825483.18793,64.97139830518704,30.338654893793432,176.71166269300411,174.31783454371939,0.2805089423807108,0.06509811021304365,0.01486395184843718,0.006853988024978477
10,1741825483.259511,65.4640781485035,30.43625765981862,176.68126414875877,174.16819122012046,0.02437888677171746,0.011317008793274456,0.011833485518937297,0.007435950026490161
11,1741825483.3332574,60.455078906120875,30.64727743828619,176.92131561039457,174.19257823909442,0.23898315355418923,0.08988820037182506,0.03441739046417425,0.05438983286297244
12,1741825483.3959305,58.556796130630936,31.256073485872324,177.1361868856552,174.41443437377785,0.05151858667484305,0.014515766224093934,0.10667586754394737,0.05332283707958683
13,1741825483.4637883,58.64354207073536,31.800425653372933,177.31249923100896,174.53587980798156,0.019114971120562117,0.013167623176223768,0.07580609447007144,0.04317997281909543
14,1741825483.5400207,86.00754661794613,31.40163740676405,177.21429134134578,174.73232439988124,0.9157016219476921,0.0978092544543619,0.004274149855035786,0.003075773262334912
15,1741825483.6159894,122.73734665327434,30.756760861600323,176.936617986096,174.98574629408282,1.6770504419302823,0.4187512160852572,0.05469179669843726,0.0010014288651582464
16,1741825483.6941988,118.31008922837718,31.88756088402826,176.90087343866088,175.01547453232624,0.32184675171204263,0.06946903926207869,0.027315602916775105,0.010413513641669167
17,1741825483.7476506,115.28296006810886,32.43832332571132,176.8832090734788,175.0184205215814,0.18942246345923525,0.04651387865401771,0.021327917579516128,0.012089853284819261
18,1741825483.810325,110.61310599445723,32.55921815768842,176.77870143987784,175.22298037057905,0.177820646438015,0.009469903114836494,0.01860979234103643,0.12783881763649793
19,1741825483.867442,105.57718840921238,33.199976623537644,176.30896578706447,175.67139129055624,0.13204004290750912,0.08664548691153888,0.07812049875085501,0.03441954454055835
20,1741825483.9345367,102.48471826221007,33.70176428819623,175.99692084988533,175.9562853315421,0.05233739022266025,0.06173506375504534,0.04541983099288594,0.021008577034647154
21,1741825484.0039098,103.55190544957297,34.63282068499528,175.89783523414752,175.90281964347352,0.14847973483502774,0.06533411698478697,0.0404515008293495,0.0024348435092932824
22,1741825484.072717,100.01612880303736,34.366650627650166,175.59099466403515,175.7990810818626,0.14726095563011274,0.006628403978673428,0.054354612602878986,0.01148190394870258
23,1741825484.1356602,97.53239930206358,34.257107422394526,175.37535263362173,175.75716435135135,0.10831810920797157,0.010321447765789091,0.03786745918311041,0.007133858438386379
24,1741825484.1930318,97.13560757049227,34.130711167374976,175.26798610424407,175.7075535618365,0.021768534367040477,0.0074118712199469335,0.02007242997651336,0.05863950935447355
25,1741825484.258775,98.4167497240901,34.11081138970109,175.19697823167851,175.76074605219966,0.06951550778686662,0.008856829271874176,0.006672795456709725,0.031137717301328093
26,1741825484.3216271,134.4719195248471,29.75199610204765,174.8536950094748,176.3032480604847,2.9739218710571147,0.9355206426695114,0.01771231046807546,0.015072962668521957
27,1741825484.3767796,128.9651966114408,29.8327721822961,174.89519452704914,176.29466466095826,0.744731927375985,0.03316456567174817,0.003247082652730072,0.020284059782041054
28,1741825484.4490519,126.9519745401758,29.802412889361335,174.934368893837,176.28100580123547,0.12581917543602528,0.00684196096910921,0.004620178403547933,0.014547288252925675
29,1741825484.5026243,127.64224398894372,30.819004635991174,174.7839357002604,176.2425317052892,0.17948980211802304,0.1028626978125029,0.051673650392448686,0.03905226263817163
30,1741825484.5697527,131.6332747953067,31.285084270039132,174.3289261105371,176.37949107256566,0.5722468495899148,0.07386978450276822,0.04132426098564304,0.06641272210004819
31,1741825484.6312532,133.28976276755915,31.56140850780865,174.00238042441748,176.61126503021038,0.3782270212616207,0.07618493355441174,0.03153877822006471,0.06014002492088072
32,1741825484.6884015,135.30412708060007,31.107143163980684,173.8706467167098,176.77386990873754,0.14650235481493798,0.09653719495317571,0.007344661196194567,0.021138364958216763
33,1741825484.762313,135.93694695093714,30.835134134494144,173.82526501735467,176.91551958957155,0.13062976440798854,0.06753439426999384,0.006019388329997861,0.013619382549638466
34,1741825484.8317482,136.13175169123753,30.67332556456007,173.82356282400997,176.98462042827592,0.07662422977115932,0.041362812293181686,0.008537246559923113,0.010411561099824811
35,1741825484.8875487,136.49505083420112,30.66714482354066,173.64265127392585,177.17445299165234,0.21503328128070284,0.018912782286459866,0.0238259746531245,0.034238584990294134
36,1741825484.9725373,136.39107836090838,30.744408059906444,173.66494549021837,177.73406741473002,0.08673997620498018,0.015063088829540803,0.006079523454098759,0.0037006185550945755
37,1741825485.0375729,136.19705872422188,30.810732899635425,173.6980078932079,178.09208547522488,0.0557995871436249,0.015309462139000224,0.011431749605783458,0.0032176898019558274
38,1741825485.0973132,141.063027160914,30.031725617437893,173.76903552606407,178.41438625214516,0.6936413516972433,0.1830781104220975,0.001830005292623853,0.0708317210245815
39,1741825485.162637,139.98847045500474,30.240874171065833,173.91076400562866,178.58383246593195,0.1446989552405409,0.058256611248985804,0.009244232293420735,0.01857850301511689
40,1741825485.227074,138.99342717574618,30.513948472254462,174.05469385162576,178.5720518097456,0.06740662379524469,0.06450005837598494,0.006590654396533503,0.0114023111431324
41,1741825485.2873745,137.92728481724797,30.671789387121933,174.2378536752866,178.3903182820294,0.10738139435335076,0.043249821946315124,0.018243406645965105,0.024001478140809152
42,1741825485.3674881,137.94179375625953,29.580960175248013,174.1395515978654,178.39230958976546,0.16237571257524697,0.11585995579610697,0.013236568904856532,0.05818880285210776
43,1741825485.4408457,138.49206778985362,28.99916951656456,174.0636049405153,178.3824295320967,0.05545695902675715,0.07717966033430823,0.017242722629718606,0.04542435592669906
44,1741825485.4948936,139.06727918500798,29.059593400497953,174.02125109506534,178.04972511021683,0.16786480131652276,0.015476494310239888,0.003755621724337271,0.16693291845519803
45,1741825485.556926,143.35280887632823,28.787081557232696,174.04513729737647,178.01709553946642,0.5814053026869744,0.1212961333608946,0.016596458565662636,0.009804755210990624
46,1741825485.6590905,144.74893374866542,28.555380495093644,174.0560090153393,178.00495677619477,0.15508527751692294,0.04817500449758174,0.009288275339928168,0.0010069227211484176
47,1741825485.7168736,144.8560329245049,28.592234139260423,174.01851375055475,178.00140705776863,0.11812884542226129,0.013013545446055085,0.017704356950023543,0.0021247428112222367
48,1741825485.780428,144.46781510309165,28.48047212261808,173.96323011529498,177.9774413540889,0.029938481928362307,0.0552767799749084,0.06641744044524676,0.04822585565586357
49,1741825485.8451447,144.41914549824259,28.4422636111419,173.91780037276655,177.96169468820696,0.008222652463974639,0.02680800730779639,0.0416134924546674,0.03082618196424061
50,1741825485.9021003,141.87225906052177,28.523904421203547,174.0495774860245,178.08017140055068,0.23560133822522653,0.044147043303511976,0.021952449886005258,0.0025015118994562613
51,1741825485.970148,140.28648492548047,29.197594021681713,174.12202440587433,178.1122371442166,0.2332798973652724,0.1197350155056203,0.028727462891945218,0.003269045210455171
52,1741825486.0248494,139.33742493177917,29.535115586662272,174.191086753655,178.15515864034768,0.08625267130928468,0.04826272272394224,0.029758945320309194,0.006792405763439918
53,1741825486.0874026,133.71874752497905,30.536202444860237,173.9629960344747,178.18723881296262,0.8164972306339843,0.268016024055171,0.026454112787700497,0.029074779663147383
54,1741825486.1719685,135.36733391562066,31.070659687991043,173.9728701418997,178.09011724616238,0.23784853909693374,0.05394299450584944,0.0007377394810829515,0.020094794998400507
55,1741825486.2344835,135.86211182577634,31.383778220588933,174.01222752771113,178.0245009877034,0.18055018838544942,0.045218925241700084,0.0010102740387392312,0.020742831482675764
56,1741825486.297134,135.1937315274056,31.545426878733306,174.04654618426872,177.98661949551413,0.012743987677879508,0.021288622535598007,0.0014526650158639372,0.02530365106042341
57,1741825486.3589523,134.40770700511976,31.61939961654379,174.025648708798,177.62781536621975,0.14917310025413538,0.007475046755198656,0.019449996452199633,0.01144320886043816
58,1741825486.4166317,134.13954311991822,31.67204343301369,174.02618805846828,177.48712264229994,0.03972724226085515,0.003889539263725513,0.02003283099588052,0.006166398567640566
59,1741825486.4817235,134.9073958387313,31.750857507288778,173.92026616334056,177.90511436492122,0.10045315743682272,0.04560982120505445,0.03359787077929771,0.18584486340262643
60,1741825486.5686297,125.8613446337617,29.373544335846567,174.5509440651041,178.43376661819013,0.8163110992784647,0.31747195683079654,0.2009264782139268,0.14615910005040714
61,1741825486.6381288,124.37852252055144,28.929201644887947,174.72548724090498,178.48949646353785,0.3958892420743195,0.2176491483145428,0.12167902658273701,0.08501320939800558
62,1741825486.6998272,120.26879632432325,28.004091406132247,174.61378913767385,178.36662129892133,0.3623398559382658,0.0976110304315899,0.04133854128897036,0.011722522420128154
63,1741825486.7699983,126.10048299645116,27.738882105365636,174.5480771036682,178.44030422308558,0.38689419621727356,0.16830958119387435,0.12285262840132218,0.0920103405983937
64,1741825486.839078,130.14076178306237,27.785963378935023,174.42587761962045,178.52969817265233,0.4133924953590953,0.08000004738647044,0.03388851702884989,0.07264757761772686
65,1741825486.897019,134.2243725357952,27.58405920173447,174.50592832366348,178.2879476064926,0.5850989965980877,0.13143376760441175,0.07018958327369093,0.0638550406691899
66,1741825486.9795082,135.41223287219125,27.52911340482974,174.55690519171816,178.17109819738553,0.06163014030980814,0.04836145873805054,0.05353581400905926,0.030704871983711614
67,1741825487.038785,136.6677697208342,27.794849376182956,174.66885385040194,178.12869245429127,0.2800616570140208,0.004312412709941178,0.04352063055904611,0.14477972855834906
68,1741825487.0965066,133.19649572849374,28.175443512320637,174.6400741912445,177.88503245374707,0.39564486404037963,0.10433583870249775,0.02488166234072638,0.06685617645530491
69,1741825487.1627355,134.5751156896452,28.12298555765758,174.79229265441361,177.91484792484155,0.10340960661476498,0.008210983867277985,0.010029116142187645,0.16830095804587233
70,1741825487.2193146,136.11053396421397,28.17186777627059,175.01239096750206,177.8519108659969,0.14020316703959668,0.00572706924961324,0.0016663357097109744,0.09257363799456188
71,1741825487.2978983,135.73445920952943,28.295279660206827,175.06951320937966,178.05579191003665,0.17576106137332662,0.12421374639650232,0.11974401093818451,0.1855041345250345
72,1741825487.367373,132.59038607965823,29.28206374564074,175.38945101024544,177.484973288472,0.5519572676557203,0.21817015016535654,0.07771830178680507,0.026140910004355786
73,1741825487.4281235,132.27961248368877,29.535283695378016,175.487167756086,177.38694301526718,0.03363511342862106,0.03596069280114549,0.03645123359982296,0.003349022556309228
74,1741825487.4872975,125.41976534683559,33.847764319132345,175.14729656863173,177.3755632706101,0.2661365739484064,0.6855727867533211,0.27540093422406325,0.15785194843862524
75,1741825487.559727,149.43551866214614,31.23517970794005,174.9822617101707,178.79589097228705,2.4011315974108487,0.43787321748537195,0.7151602060818324,1.1935917298888807
76,1741825487.6254148,151.86432930245476,30.18160878015603,174.368557869627,178.88942908964702,0.7800081852649042,0.33552591061165454,0.12386217467404907,0.2578090393597714
77,1741825487.6924746,152.57527071135394,29.25159263190563,173.76951112560758,179.23167859980265,0.48735201458362676,0.7734380074133635,1.2475574965144445,1.0543529313705202
78,1741825487.764689,130.19707950162743,52.680510861683345,173.69638811560318,178.70358927215327,3.1994219170036855,5.114371444004488,1.317784119173658,1.3079602213887287
79,1741825487.819986,130.89951904186518,54.156732967347125,173.92217105609285,177.95223201894638,0.30294233673707155,0.37583656906016427,0.1491179128878914,0.12438447886805987
80,1741825487.8830147,141.87187778222633,36.64493053322159,175.17758533975945,177.94778590422692,0.26476550552333916,2.17602840952429,0.8348935991647277,0.6279396177574892
81,1741825487.959195,142.84520198479083,32.79018881947002,175.05274216698334,177.70750064119161,0.6169282027564871,0.6852554208790039,0.038990013271337776,0.013356094210487075
82,1741825488.026868,143.7794324720579,30.611764620593565,174.87826756129746,177.49983573476987,0.251570069015412,0.24758524072116306,0.044195694572325056,0.1119625394689286
83,1741825488.0892997,148.30750886150264,30.89219896757449,175.29461448141325,177.49687049619644,1.9273925529937694,0.2802670614674835,0.47817063094127443,0.4099691493598168
84,1741825488.1753614,138.6158757623677,48.857410380240744,175.05673282170758,177.66343070196638,0.924558059964247,1.9378702532004064,0.19135257270202097,0.16572980833772766
85,1741825488.2464366,138.53856682107542,49.26315383906679,174.8690534564415,177.71767819117917,0.11610287610140184,0.2392439813958545,0.12593981281208805,0.1145215323863984
86,1741825488.3121321,142.12665223987221,44.593895434842864,174.89215955278647,177.89044820954632,0.3478311234460652,0.8135186465379649,0.17124990259310088,0.2556112389097983
87,1741825488.383363,148.56218541004932,37.94280703708572,175.64173673185363,178.5180405276007,2.079259074756727,1.2459943814179684,0.8982661004987053,0.503808975872817
88,1741825488.4474757,155.8972784070645,31.34133263951389,175.44356210977864,178.70373659973288,0.9626105228291395,1.055639007202606,0.16497654115045154,0.2039425140635262
89,1741825488.5070791,22.43368624346586,29.127227290241553,175.33055315814053,178.36264900933094,10.666677282567605,0.24312602269578706,0.13395409696543917,0.378366754696786
90,1741825488.566677,72.17566247635482,31.63164964053122,175.1325799845716,178.3696335270427,4.5678634365163155,0.23641937707844585,0.520795166773277,0.514171211041023
91,1741825488.6381185,98.29922670983136,32.12693175237799,175.095995464353,178.23132885444636,1.3501797637615682,0.39088328380569665,0.2904727587025633,0.28504320841739833
92,1741825488.6941056,148.3497165519233,35.03652525380184,174.43657672473233,178.43470733320507,5.493671335158666,0.8501045477545544,0.4928761276993272,0.2915764719510529
93,1741825488.7574522,151.39678899054138,36.452918461060776,173.7420763082752,178.6315383702442,1.0901498726591263,0.3644482671425813,0.2663999840442111,0.1468193195596212
94,1741825488.815646,151.62378949240363,36.74145421461124,173.4718679345145,178.79838873227197,0.2633789869180406,0.15170958811884683,0.14349957248286324,0.14747407696589485
95,1741825488.8825293,151.28867768431297,35.78273713725048,173.2930447662274,178.87038044234112,0.3825025338258681,0.11053194628303173,0.06326805881560846,0.02199013983943799
96,1741825488.9778624,153.0213701531226,33.869205252393236,173.48739203269244,178.91407790511613,0.28060051924185675,0.1913033287885895,0.011564360051727722,0.007004379170427768
97,1741825489.040517,153.73410400609427,32.98214095987717,173.61209377394934,178.88781745830613,0.11082309584257112,0.13093305489353538,0.012414257017997726,0.007225198163183096
98,1741825489.1114175,154.5473800560506,32.0247035408774,174.1076187109298,178.73743047299973,0.29857455845974323,0.19686269380650429,0.10826557301388161,0.2550476989472142
99,1741825489.1884449,156.84276160979817,30.65989392709901,173.73885405929852,178.73873662404048,0.23654555592373058,0.30098746222465994,0.13601157029336636,0.14137129084239952
100,1741825489.2656822,157.27828147180054,30.13525187677543,173.6183594995067,178.7649430805277,0.041442843109379485,0.11631007865984276,0.0688362506426303,0.06593650727206206
101,1741825489.338942,157.35445641424894,28.127288596362067,173.45802452174223,178.84556810367485,0.589776515759148,0.5132613198524786,0.20369930629197638,0.16480989381713104
102,1741825489.3993425,157.57783021538245,27.52933409332376,173.02886315327171,179.15632961556489,0.3601959473508119,0.32316376230065896,0.25561369341706547,0.4224676678268262
103,1741825489.4633443,158.34726551052225,27.03979455366836,172.99953056873014,179.23473518565908,0.10304574149007419,0.12753508504686042,0.1235397444623639,0.21078171755610392
104,1741825489.531386,158.3081671434069,27.133828051002638,173.0402892904861,179.1765025213758,0.023714439073578987,0.041635514900523425,0.06243119950177884,0.08227454773780887
105,1741825489.6081316,158.75919872778474,30.173734840522343,173.01491747522493,179.02153329712115,0.7114914926911807,0.3786020954525355,0.05676743841553191,0.12449495135867941
106,1741825489.6766953,157.22110186793785,30.756415667238112,173.08239544256384,178.91709940163716,0.13832105378226298,0.10414061806280095,0.049365995712136755,0.1570296440501062
107,1741825489.7413254,158.1759462329821,30.091906051809758,173.21743453195538,178.81220042423982,0.13347669537796145,0.09516951602584948,0.06449345452415016,0.0622649436904668
108,1741825489.8051507,155.89773656298973,30.129086897726197,173.4596076607858,179.096588226299,0.3076987741623501,0.011326518153002552,0.03310234702517479,0.06123538170833626
109,1741825489.8747056,155.95794903794572,31.236194433618174,173.701293985428,178.87994030048262,0.27720629962668836,0.1556136781957268,0.027852571458646405,0.01165023150306642
110,1741825489.9509056,155.24083260355212,32.35118204485747,174.01685043540155,178.5459828861666,0.17830347989297393,0.1268937354942596,0.013147125880439009,0.017704846251878847
111,1741825490.0213697,155.1647714884175,32.29427248489749,174.06719365863157,178.52800700663664,0.0936712405056312,0.050907397164671,0.008596815400075666,0.0031358528862001603
112,1741825490.0808332,155.05330537128893,32.12266202864946,174.05205098653855,178.33084917994168,0.05722155810673772,0.024828176238398645,0.020944368673446626,0.05752694620343589
113,1741825490.1469252,155.06543697944133,32.02286809799339,173.98677857246304,178.20950138838174,0.032241839615612965,0.022579875906876237,0.017759872666595126,0.03937648139115549
114,1741825490.2072668,155.15554719380683,31.848315683865096,174.18510637477056,178.11247806050423,0.09247686567991194,0.12187042030388603,0.06540618242460869,0.1069997081789938
115,1741825490.2713683,154.26441303205036,31.801433286672108,174.1989488735629,178.05678770551276,0.13409238840402116,0.04715030218394913,0.05799702446991735,0.059669143191048324
116,1741825490.3330898,153.29489564767096,31.549114441332875,174.25947930445952,177.9810153715154,0.17635519367611768,0.05781648741152513,0.02651520540247372,0.088181641725539
117,1741825490.3942928,153.69284467249332,31.170413519325795,174.2164701177533,177.96427327152716,0.07046555574944477,0.10134027438200383,0.0314161387480525,0.15023311862757213
118,1741825490.4577522,153.84211347643745,31.220111768921285,174.3001142363493,177.78306344837895,0.06679592546849757,0.007086213741024738,0.009329524935321737,0.13250026574405357
119,1741825490.5141156,153.99753001097653,31.266562707836187,174.30483754522305,177.68986055278447,0.011939183348281954,0.006292408035395261,0.008905847153869753,0.03150320611411471
120,1741825490.5832956,154.19657061990407,31.164360929335047,174.26716793504545,177.67237716467417,0.08539585936852773,0.023574164340905094,0.008049144071988751,0.025295880837449807
121,1741825490.642389,154.23383289973285,31.16533580544492,174.28512356990296,177.64566669158927,0.031490153405561126,0.011498244376540349,0.0017863775676631283,0.024522908073833005
122,1741825490.7082152,154.4387944084178,31.106115305879122,174.32169468450599,177.54132822872572,0.001892041654295815,0.013394764291401845,0.005139714133543081,0.004776632618355764
123,1741825490.7632878,154.4793242849379,30.942161545494255,174.30611302490357,177.49790033107297,0.10399812995878693,0.0398357874289141,0.027217385745423626,0.005230044138297668
124,1741825490.81451,154.53802146343244,30.756902962035397,174.30141576790524,177.4692385371176,0.09528314223167252,0.042025237052094,0.02222787509277055,0.0022577080497922074
125,1741825490.8988705,154.58823206817746,30.733898212557364,174.27584746896932,177.45686946300822,0.04141529874503017,0.00453631947733607,0.00030596465595598244,0.010983721396351747
126,1741825490.9645565,155.7315666803448,30.855919425992962,174.2403771887715,177.51423504827687,0.18193036624283734,0.0351019189463935,0.015583777252491956,0.019869570599454538
127,1741825491.022539,156.35793757967036,31.034818350597213,174.20600042515935,177.55337669019406,0.14221535924255183,0.03854221054046873,0.011765950436908987,0.01014087442276499
128,1741825491.0906725,157.0816122159632,31.500036780344086,174.09107776612854,177.59845210812992,0.2066192546157249,0.06651283100444862,0.006125498770337933,0.014110273277292494
129,1741825491.1635735,156.45223562480388,31.666612812524875,174.12955956000582,177.594246844083,0.042149890214267384,0.025507533853813942,0.0031000257467790706,0.013969240130099718
130,1741825491.2268174,156.07080961233993,31.78235363852374,174.1602352365026,177.60940539885465,0.008967765670878036,0.023717765409614223,0.002666289061640482,0.017270144760017724
131,1741825491.2880754,156.23297595708829,31.55753307274492,174.11594843716702,177.61202286240783,0.08772345054134516,0.04994239814016578,0.008072117197871294,0.003786845129417016
132,1741825491.3657384,156.19710516086926,31.70678737348025,174.15577028950196,177.58781102664972,0.06359025065966163,0.018728766810811537,0.007258221665564701,0.014595431574310301
133,1741825491.4261882,156.15986804110116,31.74497423960045,174.19190005514915,177.60650357156294,0.01935032186061686,0.005221550915006834,0.0036238503924587023,0.02320765750213362
134,1741825491.4879305,155.2699410086341,33.04426596410818,174.1833457166785,177.60933469633076,0.2875250227653342,0.19243864917319922,0.009615141530009001,0.013967196713177726
135,1741825491.5542593,154.9185901781872,33.26462282471969,174.13100394310388,177.69907405078928,0.02871522187129019,0.0535495499744684,0.009112434508543807,0.038158405888427886
136,1741825491.6162224,154.57002019152895,33.5064191711667,174.107099972881,177.74693089807084,0.03958851361875208,0.0504634058188337,0.006668593649624436,0.028793683625332932
137,1741825491.675764,153.9512327392457,33.4227416341318,174.1199488486697,177.7336000179496,0.09576601101177364,0.023892840523010536,0.004757010355779745,0.0002551183798942952
138,1741825491.7652364,153.72876007081518,33.59944014844148,174.13696772629686,177.65807789005027,0.03566935590850243,0.015191424016879753,0.003106874130156072,0.00599389017771549
139,1741825491.8315637,153.59252582803813,33.79072953334318,174.13835910971656,177.612229899372,0.04810466890296043,0.02123283346522617,0.005000171012282061,0.005105292047084777
140,1741825491.894751,153.64024092876124,33.588276595477694,173.97322284179472,177.8111474938131,0.020892521722139522,0.008831619823381119,0.026859183793175225,0.0541057944045427
141,1741825491.955331,153.6413279579135,33.50123830381204,173.95871637008108,177.82330537533068,0.036778832821435084,0.024472197691208907,0.01517035998094639,0.04684033842367623
142,1741825492.0206466,153.5507298809004,33.267273840518726,173.94050882379534,177.86820776305441,0.07100925236341822,0.032476513846140295,0.008136893395339165,0.04563173918066142
143,1741825492.0866985,153.23845372939815,33.77448903920168,173.63296165590435,178.19823415276625,0.12337177588848687,0.1064597690656882,0.01239141014573896,0.10477873990331452
144,1741825492.1679413,153.19899602949494,33.7846061575434,173.62987926320906,178.19336137855942,0.0035378369926538913,0.014590416042145588,0.010203702041314785,0.006454600244146847
145,1741825492.222469,153.18950534325919,33.830249586536446,173.6259211298859,178.18222068440195,0.009152973837548362,0.023344177585691933,0.008127606528935197,0.0031439567255233543
146,1741825492.2888408,152.82298444281017,33.59875855042547,173.5719714638881,178.19720687380288,0.12120883543937724,0.038626806471870584,0.0006541418233025961,0.029228198278835774
147,1741825492.3594167,151.78255988786287,33.235970388489925,173.55378387858775,178.2705746317633,0.2040825621840981,0.04313154381817167,0.005060822421660634,0.0021767706506626706
148,1741825492.4300208,151.53239858772693,33.09457230066679,173.54420941477483,178.34620914045573,0.0669717664558412,0.01785479882692578,0.0040957124461291315,0.0048618614561470675
149,1741825492.4927394,152.065265241093,34.2405255902819,173.52094267480282,178.34916880991403,0.346997497454301,0.16414364667849468,0.007669556424052159,0.024454186134358572
150,1741825492.5661333,150.75410755128897,35.65504091526395,173.54214084384358,178.2245159589715,0.16154531971031727,0.16594177344570715,0.004571226448177158,0.030375892808733176
151,1741825492.6305995,150.1729932852211,36.491776014766934,173.56149545429705,178.13222333013255,0.13254036914547496,0.1108113223415997,0.004476400764191201,0.013066913641835631
152,1741825492.6859848,150.3223704545719,36.440785303795565,173.55427470565846,178.1343547474491,0.0039399384684493735,0.013276232609047395,0.0006829805820931443,0.011946253929319202
153,1741825492.7586854,150.9715502938219,35.82707716757652,173.5559332577721,178.13106328409515,0.08064123069613625,0.06926868944646701,0.0046974728725144065,0.007242863379339509
154,1741825492.8156688,151.28749835616279,35.59274830893703,173.5451578181228,178.11885601566144,0.03319673086388076,0.03379299758241128,0.005123136407927976,0.006254644972361216
155,1741825492.881433,151.34022846558275,36.59072003817121,173.60482207543538,177.94780750798773,0.3191471530890862,0.14528264701883817,0.01851608929926847,0.07802905628899667
156,1741825492.9659123,151.90104242773805,35.95112644840928,173.5618428733806,178.00744029879257,0.1216381254552519,0.07218487247396857,0.0002963742475927693,0.012980814424599753
157,1741825493.03817,152.32140582925837,35.41800439708272,173.5271699614029,178.05701320409804,0.11053385525566964,0.06897051877623372,0.0005088978185594053,0.014449364411006754
158,1741825493.0969608,152.27355731170013,35.617851066685844,173.44961829310046,178.1856496203513,0.03550585758311255,0.02518605011156312,0.00037843048887282815,0.03325517968351256
159,1741825493.156887,151.68827879428025,35.61625661254061,173.43923245148807,178.2352075307872,0.07279466340360913,0.0017740884217216722,0.0037829460021363164,0.06486977234476438
160,1741825493.226537,151.37259292713458,35.607044985098355,173.43827477573421,178.26628245046973,0.035011856645895865,0.0015829979591036616,0.0028398331639683527,0.03483007904678675
161,1741825493.2839785,151.37331733022202,35.531438298113684,173.41724666838394,178.15394323460032,0.012704972053303388,0.004749768691413092,0.01443593366743108,0.026650889843597664
162,1741825493.3637617,151.39103389429016,35.5326983689113,173.4420004934496,178.0996835911551,0.0006423520652053754,0.0009652365561842732,0.002483445192959063,0.004192145591596282
163,1741825493.423837,151.42433569760314,35.54112408760538,173.4533319691179,178.06896577065342,0.005068253964651912,0.001413514292770911,0.004235811694668846,0.0016596891641722357
164,1741825493.4877014,151.56950366686448,35.5650232851314,173.52661097855085,178.03285948705457,0.09800831095173347,0.008691592348170688,0.0017563499212867551,0.011143286159668472
165,1741825493.5592706,151.97626965714477,34.961027278876024,173.57925553918102,178.04814375746784,0.1452984021379175,0.10016602050044045,0.01711019930686091,0.03166000978831514
166,1741825493.623562,152.27097224234447,34.37579529902517,173.6104996986142,178.05672865642924,0.1462908339946226,0.10613049629932546,0.014309167265606696,0.025199882712886514
167,1741825493.6939278,153.25395310049893,33.8277710681487,173.604361593369,178.0368924009655,0.06977418600465594,0.0772271870629881,0.02094218435312219,0.025663285207902422
168,1741825493.771563,153.12237976456947,33.92220384694215,173.50657196344056,178.07378126381118,0.012195442049053862,0.0017067076011078517,0.004989793470048263,0.014333803212606933
169,1741825493.8323605,153.0117439215305,33.9800416561684,173.44326584602655,178.0953822191942,0.012438299882412457,0.0017601881589623782,0.00619693039213081,0.01208102973275671
170,1741825493.899926,152.3581496251309,34.902172286440226,173.43547191257218,177.94917015369563,0.25977455597276333,0.13671110956934307,0.008040518722707125,0.008101881557952134
171,1741825493.9651723,151.77047373131307,35.62634133035954,173.48144546816363,177.517616331602,0.19661768684746214,0.1228643525664107,0.008937748004593378,0.022986292917732284
172,1741825494.0381763,151.43611463636927,35.942381627544755,173.50686972947884,177.26926922859275,0.06695877834483284,0.05397980127837537,0.007171345955517078,0.013377280489170041
173,1741825494.094803,65.16315757875162,35.2934620860789,174.07996223648016,176.14849183526871,7.872648660231345,0.21113209028179683,0.14628268551801427,0.32924908634880873
174,1741825494.169917,24.109191060133337,5.56983008133571,154.69976313695855,144.55387112377184,6.31418069926172,3.8072923011095163,0.9196920758650611,0.3217925094964566
175,1741825494.2368755,20.635451459743805,4.688673209181402,166.46683024482067,157.05218589083933,0.35918027835863536,0.13304166708373835,0.24885657139813158,0.2808539343732998
176,1741825494.2967498,3.6990854998209715,19.40400604773029,176.0997948010669,174.99790971144782,2.2214558217808493,0.44418859949888706,0.8041454060820598,1.5092741587954868
177,1741825494.3665493,47.30389708487309,68.21588770727864,175.01714261861343,176.7828721930835,1.6452270786225451,3.263075698337254,0.5485412716140847,0.41112592856797664
178,1741825494.4207246,65.07613493457362,86.95621072612269,174.25445842710909,177.7743660424692,0.538691017962245,0.6890964533582182,0.27389748768048394,0.2044272221965157
179,1741825494.4855824,32.67272147584792,62.93592104967881,175.7105568458898,178.12756927764048,2.0673424456020357,4.407450213840339,0.19380932539088677,0.3713382846281748
180,1741825494.5609164,32.80293693620535,61.190241624575584,176.48545652784082,178.90260039058506,0.7948365758713257,1.0139572064592994,0.17401316973683295,0.3452256419000071
181,1741825494.6252632,32.009258711897935,57.92805764668861,176.97660594561768,179.2981838074808,0.2578487264324893,0.3728000096499781,0.14829831825031747,0.28107857746162773
182,1741825494.6920314,32.28228489263015,56.76716526694885,176.90240068188322,179.55446874472509,0.17456046359817398,0.4706465141140504,0.021980848382275556,0.003365192323472344
183,1741825494.7590137,32.692741844853636,58.81309623906756,176.65703401603307,179.5578259481854,0.4098341388332576,0.36122408855270477,0.11513848668705798,0.1881163542254485
184,1741825494.8250048,33.75162164414744,60.08634719902075,176.4836493771426,179.5195484575088,0.06718698509817941,0.21455456105122395,0.0806895160622008,0.10433504089372175
185,1741825494.891317,28.043224533314227,64.3890370966075,175.0037458932447,179.70359778258612,0.9346556454942012,0.03415968035113515,0.32571405223436495,0.9097298403398719
186,1741825494.9672568,25.00553053376736,51.645782729217906,174.04736459326594,178.91139620403254,0.8212961364397807,1.9012299684218044,0.12620704060215251,0.2877090556066726
187,1741825495.042873,19.146662445320622,46.79072042676827,173.90534836090401,178.93577795099267,0.9815661267285178,0.5715532184998152,0.15625467111778135,0.158733170050846
188,1741825495.1050756,17.424345025089163,43.998155024248874,173.61833006838035,178.38511582432,0.5440504774104558,0.15797545510042896,0.31402306658706663,0.31409247961716086
189,1741825495.1703057,14.227333134868289,40.820578101022136,173.90677296054804,178.12934952307975,0.24017003116889213,0.16628716113065176,0.438235556220746,0.35981372535124
190,1741825495.229914,39.63236453635821,77.27866113973792,173.79456947310058,178.3721682654927,0.8606529157804688,4.206346092816145,0.28310486501950854,0.20779910244395458
191,1741825495.2939026,19.19286661042411,52.622335420897215,174.79019909510754,177.3598235696287,0.17157057949580468,1.768116359133443,0.2523462016126772,0.3245264404378645
192,1741825495.363775,11.001707538771353,51.200026620810746,173.7912681054535,178.44349561274643,0.6214776536838025,0.2867796932773701,0.05150074666866877,0.11800595277258184
193,1741825495.4173098,7.291502984761411,50.05714264886994,173.64035534175585,178.79138994677731,0.38880274531767683,0.2484315937572237,0.027542931163335654,0.0376965981764332
194,1741825495.4827795,13.75919448477771,54.570965343586955,173.79099496633583,178.43573381379218,0.5315960146482284,0.7311212551647267,0.6583650270365927,0.752323375909614
195,1741825495.554611,35.32547801736679,66.30363714977084,174.09609944071505,179.4199644674095,2.626596764341914,1.5951868702316687,0.07783476490896263,0.09587186869785615
196,1741825495.6235125,37.57085635898322,68.00344656258468,174.33213912865685,179.68008532760322,0.3539510222644245,0.2895109923831918,0.03623335846907231,0.07864485153064678
197,1741825495.680386,32.780805389158374,65.0518800312721,175.39670111409572,178.93262980547655,0.39317107447446914,1.0601477441523441,0.1358911543312886,0.6884296008827989
198,1741825495.7686574,33.325070698866476,64.05752675505994,175.86879650496655,179.81527807813063,0.3823461074587301,0.16136135533139614,0.18550687421082118,0.3180514968462766
199,1741825495.8239594,32.52000369007092,62.665753223879086,176.0252565849632,179.59248556769282,0.2370169629434561,0.11053624587039856,0.26180487237590766,0.34113381026187267
200,1741825495.8891888,30.19136263918744,62.21800884692363,175.76176388505533,179.39804859631178,0.18261695753702564,0.10109742924297896,0.11914177657870216,0.1303901208842643
201,1741825495.957183,30.269008532021328,63.30537245519127,175.7400321538647,179.33619152124612,0.1391076586327511,0.11824204324691026,0.04272357095593255,0.04159574092847
202,1741825496.032288,30.348226341243247,64.12103642810017,175.7007803740073,179.3540735503797,0.06395579278124089,0.07468998643485862,0.026624902869265665,0.031695731310731466
203,1741825496.10028,30.358766637738096,63.53384947589545,175.67789446220408,179.63948241698043,0.2669249993212059,0.3948588458341306,0.3276326017065111,0.5828953273987174
204,1741825496.163678,29.97402158045368,67.53804503742144,175.12584402474812,179.7884741065121,0.9920695181514888,0.017649221301560693,0.44392551712241296,0.5954015145507645
205,1741825496.2328618,29.7684717653807,69.2744209820913,175.0582553556411,179.61305002827143,0.4241313464094871,0.02898640102022405,0.208775256983129,0.261431078770904
206,1741825496.2899992,40.32568775126105,74.80780126438631,174.5528362671813,179.89555740025938,1.8967080315583398,0.8882742979210528,0.10599860583573303,0.239376176473795
207,1741825496.3589964,29.232758605190153,68.3171055948022,174.12963586922632,179.89017430427322,1.0504008525541508,0.7432672599817902,0.1842852149108417,0.43624201877293123
208,1741825496.4273715,24.604235847525366,65.32254834567036,174.0068293572011,179.73726702997416,0.3888835357369572,0.2753736840137988,0.15339370705599684,0.19927923080225465
209,1741825496.4923806,34.08543844493115,61.68246659773822,174.84741052311472,179.8900836129927,1.8716597709586154,0.06893873328414506,0.43605061338534495,0.4191740708362173
210,1741825496.5678322,139.34838481208578,43.24882214275379,174.29921088555255,178.66633532034592,11.850720554361363,2.001690379043517,0.11430301647108707,0.02156705782106387
211,1741825496.6331887,148.87953337892662,39.00228353318046,174.0163911042471,178.064973663579,0.7114834953468071,0.4975874665410268,0.06316258024557245,0.01611359253409074
212,1741825496.6945052,150.42452575859724,39.43814014290618,173.76757519302075,178.1627192630013,0.4807786778614573,0.09625672090475293,0.05047551110135072,0.14778508253330463
213,1741825496.7668734,150.28809097470065,41.60197092040513,173.6415996206096,177.90173230941522,0.7087852284735143,0.2647678563440242,0.01588977660248877,0.02762120773258885
214,1741825496.8305886,149.13882761746876,42.592751084786684,173.57912872900107,177.85217776983112,0.06704739827245391,0.137947218670838,0.007429794359277313,0.03577003489340927
215,1741825496.8954513,148.97132669009247,48.674320541978716,173.68194799653082,177.7485402092613,2.4360840608727257,0.8308761841002826,0.009729351045464709,0.007125713086659583
216,1741825496.9645107,138.79677900352777,83.78484407687904,172.7764994346995,177.83009324127232,7.4173929113703325,3.777242488392942,0.3046215309486052,0.27756936287711304
217,1741825497.0206196,61.61497712293488,94.51080636715997,172.31524140369257,178.01765318646116,1.3749006829863248,0.9330202309395208,0.22803940177563917,0.23555167274675295
218,1741825497.0847278,0.09584853152442727,81.44073570957102,174.1029951806102,176.49659574234363,3.1047344158177914,1.3806570709083044,0.31580700549762636,0.3998214117193864
219,1741825497.1619387,0.25897839653372273,29.01709863053014,174.73482228442313,177.75153305107838,0.533110595364304,3.8729847777081496,0.1727325407398508,0.591224213482988
220,1741825497.2233436,1.1226249732335591,25.108722391470998,174.9422052072616,177.76678126960607,0.17954272391252535,0.4351524816347418,0.10147059771601967,0.20795468732861175
221,1741825497.2845464,28.4649137470265,6.351564603863179,175.86270576679937,177.77179922700626,1.914595657682093,3.3983233758012,0.4517114268814558,0.6812516041294266
222,1741825497.3674195,26.41540845431891,11.704439486788646,177.01822298191342,177.50040801463388,0.5685142626589086,1.1731683646402766,0.6168949995817027,0.6431614969741555
223,1741825497.4266136,52.26305299962307,8.821239669814927,177.2595681556608,177.83860122411477,1.145215555334315,3.288916988455573,0.540142271810125,0.5438324704021406
224,1741825497.4961565,26.34166201751537,13.315785185039651,176.71233823738626,178.66542301600472,0.5265499741359488,3.7002986987457036,0.9750326036479272,2.0361001492365935
225,1741825497.5652199,25.67150916771651,8.178676551900551,179.01351386923218,175.63075764799817,1.5893138974597425,0.5846337175479394,0.32436888122384544,0.6639218143248222
226,1741825497.6311872,26.928641614196145,7.911293822271888,179.22569161620996,174.74571560178057,0.27414950963675955,0.23692781322153975,0.13893063177339118,0.38272159406893264
227,1741825497.690865,46.033067540328005,8.79108572599641,4.139474076846079,36.30715924042193,0.9865642504145228,4.1585123378056,0.6604766162646417,0.9288602514989037
228,1741825497.7722468,8.33462800602216,22.516329266534868,0.3085521572499573,151.39578647693156,1.3352221233381627,1.5965711630987207,1.9284110654304696,1.5954252399943265
229,1741825497.8357742,1.592175221053764,26.01452030478533,1.8258349379525307,148.3265591208575,0.5392302229660797,0.7900267312840022,0.9386651748048516,0.8002859566878919
230,1741825497.8906736,13.865621479101065,37.67097474200091,3.2471074372985287,161.78653430370989,1.124916444256167,1.0984971017898046,2.0866565658686596,2.2050204800492477
231,1741825497.9673603,17.39978121904671,47.33541532173677,0.605639998464992,104.76977214259968,0.5237109360100093,0.541665367060497,0.6254588727067224,1.2102524341134162
232,1741825498.0354345,4.41879890713092,40.401091950548356,0.6844918611285837,76.21931920829863,0.20178012673344894,0.41545728334118115,0.856501638634019,0.6618428920182987
233,1741825498.1018581,28.096376920554793,35.537183257893936,149.22808955008787,135.43470701998902,5.982946378103971,4.445897758378399,3.736096326363641,4.288343177284912
234,1741825498.1697907,25.650795580400377,41.53332256499299,178.68884459321515,170.6999109013692,0.9132950277848728,2.0982807509617816,1.4342079808326924,1.787953195413092
235,1741825498.2399087,13.647923780056079,40.63275849347279,98.67899197970677,103.74177125407307,1.0042191003107626,1.034048901232575,0.5943230017335424,0.6671263877510824
236,1741825498.3057487,34.40586531482902,32.69494717230035,1.9258014482716745,4.245826037100315,3.27786509046485,0.7505608772889,0.11430769081902008,0.37628982994553517
237,1741825498.3639338,91.44786429777709,39.84116384522307,4.927551654841745,23.833136360444687,2.5981778819075956,3.8539733946398056,0.20068248363939478,0.08674701112438657
238,1741825498.4332676,105.68743008854052,62.0471797138814,8.303311180669464,62.008577208291044,0.8443290411756981,1.2747913429474775,0.11562549319264129,0.6614827015866827
239,1741825498.5014334,47.18817464661502,3.8700622687177693,30.24348368414536,27.93955659166314,2.211372164120757,3.7938870142855823,0.28207691590939715,0.7603985527186383
240,1741825498.5699005,38.2512339056481,3.046364490564118,176.83181915382613,178.59331306619822,1.3601823872399454,1.5220553521729983,0.26856712072082684,1.1655278506141715
241,1741825498.6255133,36.72627096974739,3.685095291765485,176.07992222743135,179.49961139198507,0.8205374231708151,0.13003298123931967,0.1320833569378739,0.499334909631738
242,1741825498.693586,35.03622629030174,11.916007000950147,175.82857469784176,179.8370012357971,0.1898394289003251,0.8192770394416904,0.07601416308968008,0.35249063487060356
243,1741825498.756291,59.756849948529364,2.6830377282852536,176.25494544628643,176.9752562463241,3.5973484772132127,1.0410614078037954,1.5248861116611157,1.9815577021446538
244,1741825498.8114126,67.07912494191693,0.6642189355314198,175.62474603425045,176.51933457911622,0.35010263004792597,0.48265698128192036,0.2718408527740538,0.9575495210641717
245,1741825498.8724272,68.15722183107565,35.974736600827335,174.87712349360228,177.2568698098107,8.640030680270765,4.012403629581807,0.30483278689418886,0.08679376159136502
246,1741825498.9661894,150.54019044029434,36.673762691742,174.87136863213848,177.41631068252175,5.547509345407466,0.8117424252791867,0.03953965023779926,0.020675656983323996
247,1741825499.0288692,153.3409203144069,35.93561103760447,174.7902370087976,177.84299054220682,0.36195904724145594,0.2576612527633948,0.08099739718060218,0.12926737861213503
248,1741825499.0943513,154.53117323034044,33.6919942069547,174.41303180392413,178.05145913661832,0.44817881106647506,0.3878183674640023,0.08143177000124484,0.07690608210119046
249,1741825499.1663058,152.88352455521084,32.04172417534873,174.2442196923378,178.30228388591362,0.5933353744662312,0.21514820109859406,0.04023875648702296,0.01802524683841907
250,1741825499.2425914,153.0411039133741,32.148832250474214,174.08642537680953,178.46173830921077,0.04192389966531086,0.01837000706159983,0.01524932606644025,0.022701425771899014
251,1741825499.3087537,154.20165358954392,30.648370144323387,173.95051810972402,178.6634627699937,0.7727418329689759,0.22660485882629672,0.0420768808978366,0.026812230672085942
252,1741825499.3735726,155.270186295638,30.658790218525848,173.88792305966282,178.66402967417056,0.8066885877526995,0.18954103095298616,0.03718852746221649,0.1977854137449255
253,1741825499.4330683,155.0607877483578,31.81765568092708,173.79267788921698,179.14881044843887,0.27807470991829714,0.1553339486005765,0.008593790411418415,0.07733200893242602
254,1741825499.4932241,155.1424258987968,33.192392549844385,173.7253320246015,179.12387792932086,0.4142279865166358,0.17215456778532026,0.013715714638181095,0.17971304293127796
255,1741825499.5566897,154.13962012162878,35.190241324703024,174.01079994281235,178.72896835198162,0.5768262451792978,0.2650222858634124,0.03944179610774832,0.02905488205021612
256,1741825499.6270292,152.72884631871784,35.64201514262805,174.1098349634051,178.7860938693393,0.11404585172545292,0.04816957692769321,0.04899395128905512,0.016097123385531577
